Workbook

Sheet Instruções
A1: Planilha de coleta dos experimentos — Etapa 1 do TCC
A3: Como usar
A4: 1 | B4: Execute uma repetição por vez na ordem c0b-1, c0m-1, c0a-1, c0b-2, c0m-2, c0a-2, c0b-3, c0m-3, c0a-3.
A5: 2 | B5: Preencha as células amarelas da aba Execuções com os dados do k6, RabbitMQ, banco e drenagem.
A6: 3 | B6: Na aba Recursos, registre os valores médios e máximos de CPU e memória dos cinco containers em cada execução.
A7: 4 | B7: A aba Resumo calcula automaticamente média e desvio padrão das três repetições de cada perfil.
A8: 5 | B8: Não altere as fórmulas azuis. Os gráficos e tabelas oficiais devem usar as médias e desvios da aba Resumo.
A10: Legenda dos cenários
A11: Código | B11: Perfil | C11: Carga programada
A12: c0b | B12: Baixa | C12: 2 → 5 → 8 req/s
A13: c0m | B13: Moderada | C13: 10 → 20 → 30 req/s
A14: c0a | B14: Alta | C14: 20 → 40 → 60 req/s
A16: Arquivos esperados por execução
A17: metadata.json | B17: Identificação, versões, horários e configuração do experimento
A18: k6-summary.json | B18: Resumo estruturado do teste
A19: k6.log | B19: Saída completa do k6
A20: docker-stats.csv | B20: CPU, memória, rede, disco e PIDs dos containers
A21: rabbitmq.csv | B21: Fila, publicações, confirmações e consumidores
A22: prometheus.csv | B22: Séries temporais coletadas do Prometheus
A23: api.log / worker.log | B23: Logs gerais, avisos e erros
A24: db-summary.json | B24: Pedidos, status, estoque e horários
A25: drain-summary.json | B25: Resultado da drenagem após o k6
A27: Cores: amarelo = preencher manualmente; azul = cálculo automático; verde/amarelo/vermelho = baixa/moderada/alta carga.
A30: Critérios usados no preenchimento automático
A31: Recursos | B31: CPU, memória, rede e disco foram agregados somente entre o início e o fim do k6; os 30 s anteriores e a drenagem continuam preservados nos arquivos brutos.
A32: RabbitMQ | B32: Mensagens publicadas foram preenchidas pelo total de pedidos aceitos, pois existe uma publicação por pedido. O contador publish da API Management apresentou atraso; acknowledgements foram calculados pela diferença do contador ack.
A33: Validade | B33: Uma execução foi considerada válida quando k6 terminou com código 0, todos os pedidos foram concluídos, não houve pedidos pendentes/falhos, a drenagem terminou e não foram encontrados erros nos logs.
A34: Horários | B34: Os horários da planilha estão em UTC, conforme metadata.json.

Sheet Configuração
A1: Configuração congelada da linha de base
A3: Categoria | B3: Parâmetro | C3: Valor | D3: Observação
A4: Ambiente | B4: Python | C4: 3.13.13 | D4: Versão do container
A5: Ambiente | B5: FastAPI | C5: 0.136.3
A6: Ambiente | B6: Uvicorn | C6: 0.48.0 | D6: 1 processo; sem reload; sem access log
A7: Ambiente | B7: SQLAlchemy | C7: 2.0.50 | D7: Pool padrão; echo=False
A8: Ambiente | B8: Pika | C8: 1.4.1
A9: Ambiente | B9: Psycopg | C9: 3.3.4
A10: Infraestrutura | B10: PostgreSQL | C10: 18.3
A11: Infraestrutura | B11: RabbitMQ | C11: 4.3.0 | D11: Fila clássica, durável; prefetch=1
A12: Infraestrutura | B12: Prometheus | C12: 3.11.3 | D12: Scrape interval de 5 s
A13: Infraestrutura | B13: Docker | C13: 29.1.3
A14: Infraestrutura | B14: Docker Compose | C14: 5.0.1
A15: Carga | B15: k6 | C15: v2.0.0+dirty | D15: Imagem fixada por digest
A16: Execução | B16: Endpoint | C16: POST /checkout | D16: Resposta esperada: HTTP 201
A17: Execução | B17: Worker consumidor | C17: 1 | D17: Sem atraso artificial
A18: Execução | B18: Estoque inicial por produto | C18: 10000 | D18: Produtos 1, 2 e 3
A19: Execução | B19: Duração programada | C19: 90 s
A20: Execução | B20: Pré-coleta | C20: 30 s
A21: Execução | B21: Drenagem máxima | C21: 180 s
A22: Execução | B22: Cooldown | C22: 120 s
A23: Execução | B23: Repetições | C23: 3 por perfil | D23: Total de 9 execuções

Sheet Execuções
A1: Registro das 9 execuções oficiais
A2: Preencha as células amarelas. Os identificadores e perfis já estão definidos. Use os dados dos arquivos gerados por cada execução.
A4: Experimento ID | B4: Cenário | C4: Perfil | D4: Repetição | E4: Status | F4: Data | G4: Início k6 | H4: Fim k6 | I4: Duração programada (s) | J4: Duração observada (s) | K4: Req/s médio | L4: Requisições totais | M4: Falha HTTP (%) | N4: Checks aprovados (%) | O4: Latência média (ms) | P4: Mediana (ms) | Q4: p90 (ms) | R4: p95 (ms) | S4: p99 (ms) | T4: Máximo (ms) | U4: Iterações | V4: Iterações descartadas | W4: VUs máx. | X4: Dados enviados (MB) | Y4: Dados recebidos (MB) | Z4: RabbitMQ ready máx. | AA4: RabbitMQ unacked máx. | AB4: Mensagens publicadas | AC4: Mensagens confirmadas | AD4: Tempo drenagem (s) | AE4: Drenagem completa? | AF4: Pedidos totais | AG4: COMPLETED | AH4: FAILED | AI4: PENDING final | AJ4: PROCESSING final | AK4: Estoque final P1 | AL4: Estoque final P2 | AM4: Estoque final P3 | AN4: Último pedido processado em | AO4: Commit Git | AP4: Execução válida? | AQ4: Observações
A5: c0b-run-1 | B5: c0b | C5: Baixa | D5: 1 | E5: Concluído | F5: 46198 | G5: 46198.751 | H5: 46198.752 | I5: 90 | J5: 91 | K5: 4.1100722 | L5: 370 | M5: 0 | N5: 100 | O5: 24.599169 | P5: 24.48028 | Q5: 27.220076 | R5: 28.012298 | S5: 29.774341 | T5: 78.238027 | U5: 370 | V5: 0 | W5: 20 | X5: 0.06327 | Y5: 0.16925 | Z5: 0 | AA5: 1 | AB5: 370 | AC5: 370 | AD5: 3 | AE5: Sim | AF5: 370 | AG5: 370 | AH5: 0 | AI5: 0 | AJ5: 0 | AK5: 9859 | AL5: 9876 | AM5: 9895 | AN5: 46198.752 | AO5: 0da6ed27d7bfefd7da1854fdf6e9cbf5794f616b | AP5: Sim | AQ5: Execução válida; todos os pedidos concluídos; sem backlog de mensagens ready. Mensagens publicadas foram registradas pelo total de pedidos aceitos; o contador publish da API de gerenciamento do RabbitMQ apresentou atraso de atualização.
A6: c0b-run-2 | B6: c0b | C6: Baixa | D6: 2 | E6: Concluído | F6: 46198 | G6: 46198.768 | H6: 46198.769 | I6: 90 | J6: 91 | K6: 4.1099781 | L6: 370 | M6: 0 | N6: 100 | O6: 25.184499 | P6: 24.717872 | Q6: 28.464914 | R6: 30.415926 | S6: 34.29925 | T6: 39.644853 | U6: 370 | V6: 0 | W6: 20 | X6: 0.06327 | Y6: 0.169238 | Z6: 0 | AA6: 1 | AB6: 370 | AC6: 370 | AD6: 35 | AE6: Sim | AF6: 370 | AG6: 370 | AH6: 0 | AI6: 0 | AJ6: 0 | AK6: 9871 | AL6: 9870 | AM6: 9889 | AN6: 46198.769 | AO6: 0da6ed27d7bfefd7da1854fdf6e9cbf5794f616b | AP6: Sim | AQ6: Execução válida; todos os pedidos concluídos; sem backlog de mensagens ready. Mensagens publicadas foram registradas pelo total de pedidos aceitos; o contador publish da API de gerenciamento do RabbitMQ apresentou atraso de atualização.
A7: c0b-run-3 | B7: c0b | C7: Baixa | D7: 3 | E7: Concluído | F7: 46198 | G7: 46198.783 | H7: 46198.784 | I7: 90 | J7: 91 | K7: 4.109825 | L7: 370 | M7: 0 | N7: 100 | O7: 24.766953 | P7: 24.540382 | Q7: 27.310393 | R7: 28.209188 | S7: 30.972969 | T7: 37.14505 | U7: 370 | V7: 0 | W7: 20 | X7: 0.06327 | Y7: 0.169216 | Z7: 0 | AA7: 1 | AB7: 370 | AC7: 370 | AD7: 50 | AE7: Sim | AF7: 370 | AG7: 370 | AH7: 0 | AI7: 0 | AJ7: 0 | AK7: 9886 | AL7: 9866 | AM7: 9878 | AN7: 46198.784 | AO7: 0da6ed27d7bfefd7da1854fdf6e9cbf5794f616b | AP7: Sim | AQ7: Execução válida; todos os pedidos concluídos; sem backlog de mensagens ready. Mensagens publicadas foram registradas pelo total de pedidos aceitos; o contador publish da API de gerenciamento do RabbitMQ apresentou atraso de atualização.
A8: c0m-run-1 | B8: c0m | C8: Moderada | D8: 1 | E8: Concluído | F8: 46198 | G8: 46198.755 | H8: 46198.756 | I8: 90 | J8: 92 | K8: 16.211856 | L8: 1459 | M8: 0 | N8: 100 | O8: 22.480816 | P8: 22.165729 | Q8: 24.601241 | R8: 25.716913 | S8: 28.814433 | T8: 73.733766 | U8: 1459 | V8: 0 | W8: 50 | X8: 0.249489 | Y8: 0.667272 | Z8: 0 | AA8: 1 | AB8: 1459 | AC8: 1459 | AD8: 3 | AE8: Sim | AF8: 1459 | AG8: 1459 | AH8: 0 | AI8: 0 | AJ8: 0 | AK8: 9515 | AL8: 9501 | AM8: 9525 | AN8: 46198.756 | AO8: 0da6ed27d7bfefd7da1854fdf6e9cbf5794f616b | AP8: Sim | AQ8: Execução válida; todos os pedidos concluídos; sem backlog de mensagens ready. Mensagens publicadas foram registradas pelo total de pedidos aceitos; o contador publish da API de gerenciamento do RabbitMQ apresentou atraso de atualização.
A9: c0m-run-2 | B9: c0m | C9: Moderada | D9: 2 | E9: Concluído | F9: 46198 | G9: 46198.773 | H9: 46198.774 | I9: 90 | J9: 91 | K9: 16.212061 | L9: 1459 | M9: 0 | N9: 100 | O9: 23.812701 | P9: 22.962789 | Q9: 26.469505 | R9: 29.88183 | S9: 42.237992 | T9: 75.150736 | U9: 1459 | V9: 0 | W9: 50 | X9: 0.249489 | Y9: 0.667282 | Z9: 0 | AA9: 1 | AB9: 1459 | AC9: 1459 | AD9: 3 | AE9: Sim | AF9: 1459 | AG9: 1459 | AH9: 0 | AI9: 0 | AJ9: 0 | AK9: 9490 | AL9: 9521 | AM9: 9530 | AN9: 46198.774 | AO9: 0da6ed27d7bfefd7da1854fdf6e9cbf5794f616b | AP9: Sim | AQ9: Execução válida; todos os pedidos concluídos; sem backlog de mensagens ready. Mensagens publicadas foram registradas pelo total de pedidos aceitos; o contador publish da API de gerenciamento do RabbitMQ apresentou atraso de atualização.
A10: c0m-run-3 | B10: c0m | C10: Moderada | D10: 3 | E10: Concluído | F10: 46198 | G10: 46198.787 | H10: 46198.788 | I10: 90 | J10: 92 | K10: 16.212132 | L10: 1459 | M10: 0 | N10: 100 | O10: 22.7696 | P10: 22.476469 | Q10: 24.900873 | R10: 26.100439 | S10: 29.894483 | T10: 35.345097 | U10: 1459 | V10: 0 | W10: 50 | X10: 0.249489 | Y10: 0.667268 | Z10: 0 | AA10: 1 | AB10: 1459 | AC10: 1459 | AD10: 3 | AE10: Sim | AF10: 1459 | AG10: 1459 | AH10: 0 | AI10: 0 | AJ10: 0 | AK10: 9513 | AL10: 9505 | AM10: 9523 | AN10: 46198.788 | AO10: 0da6ed27d7bfefd7da1854fdf6e9cbf5794f616b | AP10: Sim | AQ10: Execução válida; todos os pedidos concluídos; sem backlog de mensagens ready. Mensagens publicadas foram registradas pelo total de pedidos aceitos; o contador publish da API de gerenciamento do RabbitMQ apresentou atraso de atualização.
A11: c0a-run-1 | B11: c0a | C11: Alta | D11: 1 | E11: Concluído | F11: 46198 | G11: 46198.758 | H11: 46198.759 | I11: 90 | J11: 91 | K11: 32.323505 | L11: 2909 | M11: 0 | N11: 100 | O11: 25.493538 | P11: 21.9025 | Q11: 27.576088 | R11: 31.038513 | S11: 139.68839 | T11: 223.82726 | U11: 2909 | V11: 0 | W11: 100 | X11: 0.497439 | Y11: 1.330366 | Z11: 0 | AA11: 1 | AB11: 2909 | AC11: 2909 | AD11: 3 | AE11: Sim | AF11: 2909 | AG11: 2909 | AH11: 0 | AI11: 0 | AJ11: 0 | AK11: 9017 | AL11: 9052 | AM11: 9022 | AN11: 46198.759 | AO11: 0da6ed27d7bfefd7da1854fdf6e9cbf5794f616b | AP11: Sim | AQ11: Execução válida; todos os pedidos concluídos; sem backlog de mensagens ready. Mensagens publicadas foram registradas pelo total de pedidos aceitos; o contador publish da API de gerenciamento do RabbitMQ apresentou atraso de atualização.
A12: c0a-run-2 | B12: c0a | C12: Alta | D12: 2 | E12: Concluído | F12: 46198 | G12: 46198.778 | H12: 46198.779 | I12: 90 | J12: 91 | K12: 32.323666 | L12: 2909 | M12: 0 | N12: 100 | O12: 25.498435 | P12: 22.774493 | Q12: 29.948807 | R12: 34.33765 | S12: 83.94918 | T12: 141.53759 | U12: 2909 | V12: 0 | W12: 100 | X12: 0.497439 | Y12: 1.330358 | Z12: 0 | AA12: 1 | AB12: 2909 | AC12: 2909 | AD12: 3 | AE12: Sim | AF12: 2909 | AG12: 2909 | AH12: 0 | AI12: 0 | AJ12: 0 | AK12: 9060 | AL12: 9013 | AM12: 9018 | AN12: 46198.779 | AO12: 0da6ed27d7bfefd7da1854fdf6e9cbf5794f616b | AP12: Sim | AQ12: Execução válida; todos os pedidos concluídos; sem backlog de mensagens ready. Mensagens publicadas foram registradas pelo total de pedidos aceitos; o contador publish da API de gerenciamento do RabbitMQ apresentou atraso de atualização.
A13: c0a-run-3 | B13: c0a | C13: Alta | D13: 3 | E13: Concluído | F13: 46198 | G13: 46198.79 | H13: 46198.791 | I13: 90 | J13: 91 | K13: 32.323539 | L13: 2909 | M13: 0 | N13: 100 | O13: 25.513202 | P13: 22.671478 | Q13: 32.042358 | R13: 35.656612 | S13: 78.541801 | T13: 151.23692 | U13: 2909 | V13: 0 | W13: 100 | X13: 0.497439 | Y13: 1.330386 | Z13: 0 | AA13: 1 | AB13: 2909 | AC13: 2909 | AD13: 3 | AE13: Sim | AF13: 2909 | AG13: 2909 | AH13: 0 | AI13: 0 | AJ13: 0 | AK13: 9050 | AL13: 9009 | AM13: 9032 | AN13: 46198.791 | AO13: 0da6ed27d7bfefd7da1854fdf6e9cbf5794f616b | AP13: Sim | AQ13: Execução válida; todos os pedidos concluídos; sem backlog de mensagens ready. Mensagens publicadas foram registradas pelo total de pedidos aceitos; o contador publish da API de gerenciamento do RabbitMQ apresentou atraso de atualização.

Sheet Recursos
A1: Uso de recursos por container em cada execução
A2: Preencha os valores agregados calculados a partir do docker-stats.csv. Uma linha por container e por execução.
A4: Experimento ID | B4: Cenário | C4: Perfil | D4: Repetição | E4: Container | F4: CPU média (%) | G4: CPU máxima (%) | H4: Memória média (MB) | I4: Memória máxima (MB) | J4: Memória média (%) | K4: Rede recebida (MB) | L4: Rede enviada (MB) | M4: Leitura de disco (MB) | N4: Escrita em disco (MB) | O4: PIDs máximo | P4: Observações
A5: c0b-run-1 | B5: c0b | C5: Baixa | D5: 1 | E5: flash-sale-api | F5: 5.7807692 | G5: 10.88 | H5: 89.78069 | I5: 89.967821 | J5: 1.0784615 | K5: 1.141 | L5: 1.56 | M5: 0 | N5: 0 | O5: 6 | P5: Janela do k6; 13 amostras de 5 s.
A6: c0b-run-1 | B6: c0b | C6: Baixa | D6: 1 | E6: flash-sale-worker | F6: 3.3907692 | G6: 6.36 | H6: 66.890276 | I6: 67.161293 | J6: 0.80076923 | K6: 1.1897 | L6: 1.2136 | M6: 0 | N6: 0 | O6: 1 | P6: Janela do k6; 13 amostras de 5 s.
A7: c0b-run-1 | B7: c0b | C7: Baixa | D7: 1 | E7: flash-sale-postgres | F7: 4.4923077 | G7: 9.77 | H7: 55.104282 | I7: 56.654561 | J7: 0.66230769 | K7: 1.7845 | L7: 1.5573 | M7: 0.2 | N7: 9.714 | O7: 12 | P7: Janela do k6; 13 amostras de 5 s.
A8: c0b-run-1 | B8: c0b | C8: Baixa | D8: 1 | E8: flash-sale-rabbitmq | F8: 46.945385 | G8: 206.45 | H8: 164.67483 | I8: 191.78455 | J8: 1.9769231 | K8: 0.6198 | L8: 0.6648 | M8: 0 | N8: 0.004 | O8: 63 | P8: Janela do k6; 13 amostras de 5 s.
A9: c0b-run-1 | B9: c0b | C9: Baixa | D9: 1 | E9: flash-sale-prometheus | F9: 0.07 | G9: 0.14 | H9: 18.07745 | I9: 18.07745 | J9: 0.22 | K9: 0.15 | L9: 0.0094 | M9: 0 | N9: 0.02 | O9: 12 | P9: Janela do k6; 13 amostras de 5 s.
A10: c0b-run-2 | B10: c0b | C10: Baixa | D10: 2 | E10: flash-sale-api | F10: 6.0692308 | G10: 10.64 | H10: 93.910466 | I10: 94.109696 | J10: 1.13 | K10: 1.1 | L10: 1.5 | M10: 0 | N10: 0 | O10: 7 | P10: Janela do k6; 13 amostras de 5 s.
A11: c0b-run-2 | B11: c0b | C11: Baixa | D11: 2 | E11: flash-sale-worker | F11: 3.7861538 | G11: 7.04 | H11: 67.203236 | I11: 67.203236 | J11: 0.81 | K11: 1.2 | L11: 1.2 | M11: 0 | N11: 0 | O11: 1 | P11: Janela do k6; 13 amostras de 5 s.
A12: c0b-run-2 | B12: c0b | C12: Baixa | D12: 2 | E12: flash-sale-postgres | F12: 3.7853846 | G12: 9.02 | H12: 63.153313 | I12: 63.407391 | J12: 0.76 | K12: 1.8 | L12: 1.5 | M12: 0 | N12: 10 | O12: 15 | P12: Janela do k6; 13 amostras de 5 s.
A13: c0b-run-2 | B13: c0b | C13: Baixa | D13: 2 | E13: flash-sale-rabbitmq | F13: 40.820769 | G13: 203.84 | H13: 167.19141 | I13: 208.14234 | J13: 2.0092308 | K13: 0.61 | L13: 0.65 | M13: 0 | N13: 0.004 | O13: 63 | P13: Janela do k6; 13 amostras de 5 s.
A14: c0b-run-2 | B14: c0b | C14: Baixa | D14: 2 | E14: flash-sale-prometheus | F14: 0.022307692 | G14: 0.14 | H14: 19.070371 | I14: 19.084083 | J14: 0.23 | K14: 0.15 | L14: 0.01 | M14: 0 | N14: 0.016 | O14: 12 | P14: Janela do k6; 13 amostras de 5 s.
A15: c0b-run-3 | B15: c0b | C15: Baixa | D15: 3 | E15: flash-sale-api | F15: 5.5746154 | G15: 10.85 | H15: 94.290374 | I15: 94.79127 | J15: 1.1307692 | K15: 1.1 | L15: 1.6 | M15: 0 | N15: 0 | O15: 7 | P15: Janela do k6; 13 amostras de 5 s.
A16: c0b-run-3 | B16: c0b | C16: Baixa | D16: 3 | E16: flash-sale-worker | F16: 3.4184615 | G16: 7.26 | H16: 67.223401 | I16: 67.46538 | J16: 0.81 | K16: 1.2 | L16: 1.2 | M16: 0 | N16: 0 | O16: 1 | P16: Janela do k6; 13 amostras de 5 s.
... A49: c0a-run-3 | B49: c0a | C49: Alta | D49: 3 | E49: flash-sale-prometheus | F49: 0.03 | G49: 0.13 | H49: 19.686266 | I49: 19.702743 | J49: 0.24 | K49: 0.17 | L49: 0.011 | M49: 0 | N49: 0.03 | O49: 12 | P49: Janela do k6; 14 amostras de 5 s.

Sheet Resumo
A1: Resumo estatístico por perfil de carga
A2: As células azuis são calculadas automaticamente a partir das três repetições registradas na aba Execuções.
A4: Perfil | B4: Req/s média | C4: Req/s DP | D4: Falha média (%) | E4: Falha DP | F4: p90 média (ms) | G4: p90 DP | H4: p95 média (ms) | I4: p95 DP | J4: p99 média (ms) | K4: p99 DP | L4: Descartadas média | M4: Descartadas DP | N4: Duração média (s) | O4: Duração DP | P4: Ready máx. média | Q4: Ready DP | R4: Drenagem média (s) | S4: Drenagem DP | T4: Pedidos COMPLETED média | U4: COMPLETED DP | V4: n
A5: Baixa | B5: =IF(COUNT(Execuções!K5:K7)=0,"",AVERAGE(Execuções!K5:K7)) -> 4.1099584 | C5: =IF(COUNT(Execuções!K5:K7)<2,"",_xludf.STDEV.S(Execuções!K5:K7)) -> #NAME? | D5: =IF(COUNT(Execuções!M5:M7)=0,"",AVERAGE(Execuções!M5:M7)) -> 0 | E5: =IF(COUNT(Execuções!M5:M7)<2,"",_xludf.STDEV.S(Execuções!M5:M7)) -> #NAME? | F5: =IF(COUNT(Execuções!Q5:Q7)=0,"",AVERAGE(Execuções!Q5:Q7)) -> 27.665128 | G5: =IF(COUNT(Execuções!Q5:Q7)<2,"",_xludf.STDEV.S(Execuções!Q5:Q7)) -> #NAME? | H5: =IF(COUNT(Execuções!R5:R7)=0,"",AVERAGE(Execuções!R5:R7)) -> 28.879138 | I5: =IF(COUNT(Execuções!R5:R7)<2,"",_xludf.STDEV.S(Execuções!R5:R7)) -> #NAME? | J5: =IF(COUNT(Execuções!S5:S7)=0,"",AVERAGE(Execuções!S5:S7)) -> 31.682187 | K5: =IF(COUNT(Execuções!S5:S7)<2,"",_xludf.STDEV.S(Execuções!S5:S7)) -> #NAME? | L5: =IF(COUNT(Execuções!V5:V7)=0,"",AVERAGE(Execuções!V5:V7)) -> 0 | M5: =IF(COUNT(Execuções!V5:V7)<2,"",_xludf.STDEV.S(Execuções!V5:V7)) -> #NAME? | N5: =IF(COUNT(Execuções!J5:J7)=0,"",AVERAGE(Execuções!J5:J7)) -> 91 | O5: =IF(COUNT(Execuções!J5:J7)<2,"",_xludf.STDEV.S(Execuções!J5:J7)) -> #NAME? | P5: =IF(COUNT(Execuções!Z5:Z7)=0,"",AVERAGE(Execuções!Z5:Z7)) -> 0 | Q5: =IF(COUNT(Execuções!Z5:Z7)<2,"",_xludf.STDEV.S(Execuções!Z5:Z7)) -> #NAME? | R5: =IF(COUNT(Execuções!AD5:AD7)=0,"",AVERAGE(Execuções!AD5:AD7)) -> 29.333333 | S5: =IF(COUNT(Execuções!AD5:AD7)<2,"",_xludf.STDEV.S(Execuções!AD5:AD7)) -> #NAME? | T5: =IF(COUNT(Execuções!AG5:AG7)=0,"",AVERAGE(Execuções!AG5:AG7)) -> 370 | U5: =IF(COUNT(Execuções!AG5:AG7)<2,"",_xludf.STDEV.S(Execuções!AG5:AG7)) -> #NAME? | V5: =3 -> 3
A6: Moderada | B6: =IF(COUNT(Execuções!K8:K10)=0,"",AVERAGE(Execuções!K8:K10)) -> 16.212016 | C6: =IF(COUNT(Execuções!K8:K10)<2,"",_xludf.STDEV.S(Execuções!K8:K10)) -> #NAME? | D6: =IF(COUNT(Execuções!M8:M10)=0,"",AVERAGE(Execuções!M8:M10)) -> 0 | E6: =IF(COUNT(Execuções!M8:M10)<2,"",_xludf.STDEV.S(Execuções!M8:M10)) -> #NAME? | F6: =IF(COUNT(Execuções!Q8:Q10)=0,"",AVERAGE(Execuções!Q8:Q10)) -> 25.323873 | G6: =IF(COUNT(Execuções!Q8:Q10)<2,"",_xludf.STDEV.S(Execuções!Q8:Q10)) -> #NAME? | H6: =IF(COUNT(Execuções!R8:R10)=0,"",AVERAGE(Execuções!R8:R10)) -> 27.23306 | I6: =IF(COUNT(Execuções!R8:R10)<2,"",_xludf.STDEV.S(Execuções!R8:R10)) -> #NAME? | J6: =IF(COUNT(Execuções!S8:S10)=0,"",AVERAGE(Execuções!S8:S10)) -> 33.648969 | K6: =IF(COUNT(Execuções!S8:S10)<2,"",_xludf.STDEV.S(Execuções!S8:S10)) -> #NAME? | L6: =IF(COUNT(Execuções!V8:V10)=0,"",AVERAGE(Execuções!V8:V10)) -> 0 | M6: =IF(COUNT(Execuções!V8:V10)<2,"",_xludf.STDEV.S(Execuções!V8:V10)) -> #NAME? | N6: =IF(COUNT(Execuções!J8:J10)=0,"",AVERAGE(Execuções!J8:J10)) -> 91.666667 | O6: =IF(COUNT(Execuções!J8:J10)<2,"",_xludf.STDEV.S(Execuções!J8:J10)) -> #NAME? | P6: =IF(COUNT(Execuções!Z8:Z10)=0,"",AVERAGE(Execuções!Z8:Z10)) -> 0 | Q6: =IF(COUNT(Execuções!Z8:Z10)<2,"",_xludf.STDEV.S(Execuções!Z8:Z10)) -> #NAME? | R6: =IF(COUNT(Execuções!AD8:AD10)=0,"",AVERAGE(Execuções!AD8:AD10)) -> 3 | S6: =IF(COUNT(Execuções!AD8:AD10)<2,"",_xludf.STDEV.S(Execuções!AD8:AD10)) -> #NAME? | T6: =IF(COUNT(Execuções!AG8:AG10)=0,"",AVERAGE(Execuções!AG8:AG10)) -> 1459 | U6: =IF(COUNT(Execuções!AG8:AG10)<2,"",_xludf.STDEV.S(Execuções!AG8:AG10)) -> #NAME? | V6: =3 -> 3
A7: Alta | B7: =IF(COUNT(Execuções!K11:K13)=0,"",AVERAGE(Execuções!K11:K13)) -> 32.32357 | C7: =IF(COUNT(Execuções!K11:K13)<2,"",_xludf.STDEV.S(Execuções!K11:K13)) -> #NAME? | D7: =IF(COUNT(Execuções!M11:M13)=0,"",AVERAGE(Execuções!M11:M13)) -> 0 | E7: =IF(COUNT(Execuções!M11:M13)<2,"",_xludf.STDEV.S(Execuções!M11:M13)) -> #NAME? | F7: =IF(COUNT(Execuções!Q11:Q13)=0,"",AVERAGE(Execuções!Q11:Q13)) -> 29.855751 | G7: =IF(COUNT(Execuções!Q11:Q13)<2,"",_xludf.STDEV.S(Execuções!Q11:Q13)) -> #NAME? | H7: =IF(COUNT(Execuções!R11:R13)=0,"",AVERAGE(Execuções!R11:R13)) -> 33.677592 | I7: =IF(COUNT(Execuções!R11:R13)<2,"",_xludf.STDEV.S(Execuções!R11:R13)) -> #NAME? | J7: =IF(COUNT(Execuções!S11:S13)=0,"",AVERAGE(Execuções!S11:S13)) -> 100.72646 | K7: =IF(COUNT(Execuções!S11:S13)<2,"",_xludf.STDEV.S(Execuções!S11:S13)) -> #NAME? | L7: =IF(COUNT(Execuções!V11:V13)=0,"",AVERAGE(Execuções!V11:V13)) -> 0 | M7: =IF(COUNT(Execuções!V11:V13)<2,"",_xludf.STDEV.S(Execuções!V11:V13)) -> #NAME? | N7: =IF(COUNT(Execuções!J11:J13)=0,"",AVERAGE(Execuções!J11:J13)) -> 91 | O7: =IF(COUNT(Execuções!J11:J13)<2,"",_xludf.STDEV.S(Execuções!J11:J13)) -> #NAME? | P7: =IF(COUNT(Execuções!Z11:Z13)=0,"",AVERAGE(Execuções!Z11:Z13)) -> 0 | Q7: =IF(COUNT(Execuções!Z11:Z13)<2,"",_xludf.STDEV.S(Execuções!Z11:Z13)) -> #NAME? | R7: =IF(COUNT(Execuções!AD11:AD13)=0,"",AVERAGE(Execuções!AD11:AD13)) -> 3 | S7: =IF(COUNT(Execuções!AD11:AD13)<2,"",_xludf.STDEV.S(Execuções!AD11:AD13)) -> #NAME? | T7: =IF(COUNT(Execuções!AG11:AG13)=0,"",AVERAGE(Execuções!AG11:AG13)) -> 2909 | U7: =IF(COUNT(Execuções!AG11:AG13)<2,"",_xludf.STDEV.S(Execuções!AG11:AG13)) -> #NAME? | V7: =3 -> 3
A10: Perfil | B10: p90 média | C10: p95 média | D10: p99 média
A11: Baixa | B11: =IF(F5="","",F5) -> 27.665128 | C11: =IF(H5="","",H5) -> 28.879138 | D11: =IF(J5="","",J5) -> 31.682187
A12: Moderada | B12: =IF(F6="","",F6) -> 25.323873 | C12: =IF(H6="","",H6) -> 27.23306 | D12: =IF(J6="","",J6) -> 33.648969
A13: Alta | B13: =IF(F7="","",F7) -> 29.855751 | C13: =IF(H7="","",H7) -> 33.677592 | D13: =IF(J7="","",J7) -> 100.72646

Sheet Resumo Recursos
A1: Resumo de recursos por perfil e container
A2: Médias e desvios das três repetições. As fórmulas usam as linhas fixas da aba Recursos.
A4: Perfil | B4: Container | C4: CPU média | D4: CPU DP | E4: CPU máx. média | F4: Memória média (MB) | G4: Memória DP | H4: Memória máx. média (MB) | I4: Memória máx. DP
A5: Baixa | B5: flash-sale-api | C5: =IF(COUNT(Recursos!F5,Recursos!F10,Recursos!F15)=0,"",AVERAGE(Recursos!F5,Recursos!F10,Recursos!F15)) -> 5.8082051 | D5: =IF(COUNT(Recursos!F5,Recursos!F10,Recursos!F15)<2,"",_xludf.STDEV.S(Recursos!F5,Recursos!F10,Recursos!F15)) -> #NAME? | E5: =IF(COUNT(Recursos!G5,Recursos!G10,Recursos!G15)=0,"",AVERAGE(Recursos!G5,Recursos!G10,Recursos!G15)) -> 10.79 | F5: =IF(COUNT(Recursos!H5,Recursos!H10,Recursos!H15)=0,"",AVERAGE(Recursos!H5,Recursos!H10,Recursos!H15)) -> 92.66051 | G5: =IF(COUNT(Recursos!H5,Recursos!H10,Recursos!H15)<2,"",_xludf.STDEV.S(Recursos!H5,Recursos!H10,Recursos!H15)) -> #NAME? | H5: =IF(COUNT(Recursos!I5,Recursos!I10,Recursos!I15)=0,"",AVERAGE(Recursos!I5,Recursos!I10,Recursos!I15)) -> 92.956262 | I5: =IF(COUNT(Recursos!I5,Recursos!I10,Recursos!I15)<2,"",_xludf.STDEV.S(Recursos!I5,Recursos!I10,Recursos!I15)) -> #NAME?
A6: Baixa | B6: flash-sale-worker | C6: =IF(COUNT(Recursos!F6,Recursos!F11,Recursos!F16)=0,"",AVERAGE(Recursos!F6,Recursos!F11,Recursos!F16)) -> 3.5317949 | D6: =IF(COUNT(Recursos!F6,Recursos!F11,Recursos!F16)<2,"",_xludf.STDEV.S(Recursos!F6,Recursos!F11,Recursos!F16)) -> #NAME? | E6: =IF(COUNT(Recursos!G6,Recursos!G11,Recursos!G16)=0,"",AVERAGE(Recursos!G6,Recursos!G11,Recursos!G16)) -> 6.8866667 | F6: =IF(COUNT(Recursos!H6,Recursos!H11,Recursos!H16)=0,"",AVERAGE(Recursos!H6,Recursos!H11,Recursos!H16)) -> 67.105638 | G6: =IF(COUNT(Recursos!H6,Recursos!H11,Recursos!H16)<2,"",_xludf.STDEV.S(Recursos!H6,Recursos!H11,Recursos!H16)) -> #NAME? | H6: =IF(COUNT(Recursos!I6,Recursos!I11,Recursos!I16)=0,"",AVERAGE(Recursos!I6,Recursos!I11,Recursos!I16)) -> 67.276636 | I6: =IF(COUNT(Recursos!I6,Recursos!I11,Recursos!I16)<2,"",_xludf.STDEV.S(Recursos!I6,Recursos!I11,Recursos!I16)) -> #NAME?
A7: Baixa | B7: flash-sale-postgres | C7: =IF(COUNT(Recursos!F7,Recursos!F12,Recursos!F17)=0,"",AVERAGE(Recursos!F7,Recursos!F12,Recursos!F17)) -> 4.0038462 | D7: =IF(COUNT(Recursos!F7,Recursos!F12,Recursos!F17)<2,"",_xludf.STDEV.S(Recursos!F7,Recursos!F12,Recursos!F17)) -> #NAME? | E7: =IF(COUNT(Recursos!G7,Recursos!G12,Recursos!G17)=0,"",AVERAGE(Recursos!G7,Recursos!G12,Recursos!G17)) -> 9.5466667 | F7: =IF(COUNT(Recursos!H7,Recursos!H12,Recursos!H17)=0,"",AVERAGE(Recursos!H7,Recursos!H12,Recursos!H17)) -> 60.536712 | G7: =IF(COUNT(Recursos!H7,Recursos!H12,Recursos!H17)<2,"",_xludf.STDEV.S(Recursos!H7,Recursos!H12,Recursos!H17)) -> #NAME? | H7: =IF(COUNT(Recursos!I7,Recursos!I12,Recursos!I17)=0,"",AVERAGE(Recursos!I7,Recursos!I12,Recursos!I17)) -> 61.145962 | I7: =IF(COUNT(Recursos!I7,Recursos!I12,Recursos!I17)<2,"",_xludf.STDEV.S(Recursos!I7,Recursos!I12,Recursos!I17)) -> #NAME?
A8: Baixa | B8: flash-sale-rabbitmq | C8: =IF(COUNT(Recursos!F8,Recursos!F13,Recursos!F18)=0,"",AVERAGE(Recursos!F8,Recursos!F13,Recursos!F18)) -> 43.271795 | D8: =IF(COUNT(Recursos!F8,Recursos!F13,Recursos!F18)<2,"",_xludf.STDEV.S(Recursos!F8,Recursos!F13,Recursos!F18)) -> #NAME? | E8: =IF(COUNT(Recursos!G8,Recursos!G13,Recursos!G18)=0,"",AVERAGE(Recursos!G8,Recursos!G13,Recursos!G18)) -> 205.04667 | F8: =IF(COUNT(Recursos!H8,Recursos!H13,Recursos!H18)=0,"",AVERAGE(Recursos!H8,Recursos!H13,Recursos!H18)) -> 166.59991 | G8: =IF(COUNT(Recursos!H8,Recursos!H13,Recursos!H18)<2,"",_xludf.STDEV.S(Recursos!H8,Recursos!H13,Recursos!H18)) -> #NAME? | H8: =IF(COUNT(Recursos!I8,Recursos!I13,Recursos!I18)=0,"",AVERAGE(Recursos!I8,Recursos!I13,Recursos!I18)) -> 203.77327 | I8: =IF(COUNT(Recursos!I8,Recursos!I13,Recursos!I18)<2,"",_xludf.STDEV.S(Recursos!I8,Recursos!I13,Recursos!I18)) -> #NAME?
A9: Baixa | B9: flash-sale-prometheus | C9: =IF(COUNT(Recursos!F9,Recursos!F14,Recursos!F19)=0,"",AVERAGE(Recursos!F9,Recursos!F14,Recursos!F19)) -> 0.066666667 | D9: =IF(COUNT(Recursos!F9,Recursos!F14,Recursos!F19)<2,"",_xludf.STDEV.S(Recursos!F9,Recursos!F14,Recursos!F19)) -> #NAME? | E9: =IF(COUNT(Recursos!G9,Recursos!G14,Recursos!G19)=0,"",AVERAGE(Recursos!G9,Recursos!G14,Recursos!G19)) -> 0.33 | F9: =IF(COUNT(Recursos!H9,Recursos!H14,Recursos!H19)=0,"",AVERAGE(Recursos!H9,Recursos!H14,Recursos!H19)) -> 18.848826 | G9: =IF(COUNT(Recursos!H9,Recursos!H14,Recursos!H19)<2,"",_xludf.STDEV.S(Recursos!H9,Recursos!H14,Recursos!H19)) -> #NAME? | H9: =IF(COUNT(Recursos!I9,Recursos!I14,Recursos!I19)=0,"",AVERAGE(Recursos!I9,Recursos!I14,Recursos!I19)) -> 18.853396 | I9: =IF(COUNT(Recursos!I9,Recursos!I14,Recursos!I19)<2,"",_xludf.STDEV.S(Recursos!I9,Recursos!I14,Recursos!I19)) -> #NAME?
A10: Moderada | B10: flash-sale-api | C10: =IF(COUNT(Recursos!F20,Recursos!F25,Recursos!F30)=0,"",AVERAGE(Recursos!F20,Recursos!F25,Recursos!F30)) -> 19.406905 | D10: =IF(COUNT(Recursos!F20,Recursos!F25,Recursos!F30)<2,"",_xludf.STDEV.S(Recursos!F20,Recursos!F25,Recursos!F30)) -> #NAME? | E10: =IF(COUNT(Recursos!G20,Recursos!G25,Recursos!G30)=0,"",AVERAGE(Recursos!G20,Recursos!G25,Recursos!G30)) -> 36.163333 | F10: =IF(COUNT(Recursos!H20,Recursos!H25,Recursos!H30)=0,"",AVERAGE(Recursos!H20,Recursos!H25,Recursos!H30)) -> 93.222651 | G10: =IF(COUNT(Recursos!H20,Recursos!H25,Recursos!H30)<2,"",_xludf.STDEV.S(Recursos!H20,Recursos!H25,Recursos!H30)) -> #NAME? | H10: =IF(COUNT(Recursos!I20,Recursos!I25,Recursos!I30)=0,"",AVERAGE(Recursos!I20,Recursos!I25,Recursos!I30)) -> 93.536474 | I10: =IF(COUNT(Recursos!I20,Recursos!I25,Recursos!I30)<2,"",_xludf.STDEV.S(Recursos!I20,Recursos!I25,Recursos!I30)) -> #NAME?
A11: Moderada | B11: flash-sale-worker | C11: =IF(COUNT(Recursos!F21,Recursos!F26,Recursos!F31)=0,"",AVERAGE(Recursos!F21,Recursos!F26,Recursos!F31)) -> 12.828095 | D11: =IF(COUNT(Recursos!F21,Recursos!F26,Recursos!F31)<2,"",_xludf.STDEV.S(Recursos!F21,Recursos!F26,Recursos!F31)) -> #NAME? | E11: =IF(COUNT(Recursos!G21,Recursos!G26,Recursos!G31)=0,"",AVERAGE(Recursos!G21,Recursos!G26,Recursos!G31)) -> 24.22 | F11: =IF(COUNT(Recursos!H21,Recursos!H26,Recursos!H31)=0,"",AVERAGE(Recursos!H21,Recursos!H26,Recursos!H31)) -> 67.189505 | G11: =IF(COUNT(Recursos!H21,Recursos!H26,Recursos!H31)<2,"",_xludf.STDEV.S(Recursos!H21,Recursos!H26,Recursos!H31)) -> #NAME? | H11: =IF(COUNT(Recursos!I21,Recursos!I26,Recursos!I31)=0,"",AVERAGE(Recursos!I21,Recursos!I26,Recursos!I31)) -> 67.350037 | I11: =IF(COUNT(Recursos!I21,Recursos!I26,Recursos!I31)<2,"",_xludf.STDEV.S(Recursos!I21,Recursos!I26,Recursos!I31)) -> #NAME?
A12: Moderada | B12: flash-sale-postgres | C12: =IF(COUNT(Recursos!F22,Recursos!F27,Recursos!F32)=0,"",AVERAGE(Recursos!F22,Recursos!F27,Recursos!F32)) -> 9.7916667 | D12: =IF(COUNT(Recursos!F22,Recursos!F27,Recursos!F32)<2,"",_xludf.STDEV.S(Recursos!F22,Recursos!F27,Recursos!F32)) -> #NAME? | E12: =IF(COUNT(Recursos!G22,Recursos!G27,Recursos!G32)=0,"",AVERAGE(Recursos!G22,Recursos!G27,Recursos!G32)) -> 21.69 | F12: =IF(COUNT(Recursos!H22,Recursos!H27,Recursos!H32)=0,"",AVERAGE(Recursos!H22,Recursos!H27,Recursos!H32)) -> 60.770721 | G12: =IF(COUNT(Recursos!H22,Recursos!H27,Recursos!H32)<2,"",_xludf.STDEV.S(Recursos!H22,Recursos!H27,Recursos!H32)) -> #NAME? | H12: =IF(COUNT(Recursos!I22,Recursos!I27,Recursos!I32)=0,"",AVERAGE(Recursos!I22,Recursos!I27,Recursos!I32)) -> 61.282277 | I12: =IF(COUNT(Recursos!I22,Recursos!I27,Recursos!I32)<2,"",_xludf.STDEV.S(Recursos!I22,Recursos!I27,Recursos!I32)) -> #NAME?
A13: Moderada | B13: flash-sale-rabbitmq | C13: =IF(COUNT(Recursos!F23,Recursos!F28,Recursos!F33)=0,"",AVERAGE(Recursos!F23,Recursos!F28,Recursos!F33)) -> 50.445714 | D13: =IF(COUNT(Recursos!F23,Recursos!F28,Recursos!F33)<2,"",_xludf.STDEV.S(Recursos!F23,Recursos!F28,Recursos!F33)) -> #NAME? | E13: =IF(COUNT(Recursos!G23,Recursos!G28,Recursos!G33)=0,"",AVERAGE(Recursos!G23,Recursos!G28,Recursos!G33)) -> 191.92333 | F13: =IF(COUNT(Recursos!H23,Recursos!H28,Recursos!H33)=0,"",AVERAGE(Recursos!H23,Recursos!H28,Recursos!H33)) -> 172.39588 | G13: =IF(COUNT(Recursos!H23,Recursos!H28,Recursos!H33)<2,"",_xludf.STDEV.S(Recursos!H23,Recursos!H28,Recursos!H33)) -> #NAME? | H13: =IF(COUNT(Recursos!I23,Recursos!I28,Recursos!I33)=0,"",AVERAGE(Recursos!I23,Recursos!I28,Recursos!I33)) -> 233.90235 | I13: =IF(COUNT(Recursos!I23,Recursos!I28,Recursos!I33)<2,"",_xludf.STDEV.S(Recursos!I23,Recursos!I28,Recursos!I33)) -> #NAME?
A14: Moderada | B14: flash-sale-prometheus | C14: =IF(COUNT(Recursos!F24,Recursos!F29,Recursos!F34)=0,"",AVERAGE(Recursos!F24,Recursos!F29,Recursos!F34)) -> 0.087857143 | D14: =IF(COUNT(Recursos!F24,Recursos!F29,Recursos!F34)<2,"",_xludf.STDEV.S(Recursos!F24,Recursos!F29,Recursos!F34)) -> #NAME? | E14: =IF(COUNT(Recursos!G24,Recursos!G29,Recursos!G34)=0,"",AVERAGE(Recursos!G24,Recursos!G29,Recursos!G34)) -> 0.55 | F14: =IF(COUNT(Recursos!H24,Recursos!H29,Recursos!H34)=0,"",AVERAGE(Recursos!H24,Recursos!H29,Recursos!H34)) -> 19.105304 | G14: =IF(COUNT(Recursos!H24,Recursos!H29,Recursos!H34)<2,"",_xludf.STDEV.S(Recursos!H24,Recursos!H29,Recursos!H34)) -> #NAME? | H14: =IF(COUNT(Recursos!I24,Recursos!I29,Recursos!I34)=0,"",AVERAGE(Recursos!I24,Recursos!I29,Recursos!I34)) -> 19.119036 | I14: =IF(COUNT(Recursos!I24,Recursos!I29,Recursos!I34)<2,"",_xludf.STDEV.S(Recursos!I24,Recursos!I29,Recursos!I34)) -> #NAME?
A15: Alta | B15: flash-sale-api | C15: =IF(COUNT(Recursos!F35,Recursos!F40,Recursos!F45)=0,"",AVERAGE(Recursos!F35,Recursos!F40,Recursos!F45)) -> 39.920238 | D15: =IF(COUNT(Recursos!F35,Recursos!F40,Recursos!F45)<2,"",_xludf.STDEV.S(Recursos!F35,Recursos!F40,Recursos!F45)) -> #NAME? | E15: =IF(COUNT(Recursos!G35,Recursos!G40,Recursos!G45)=0,"",AVERAGE(Recursos!G35,Recursos!G40,Recursos!G45)) -> 88.03 | F15: =IF(COUNT(Recursos!H35,Recursos!H40,Recursos!H45)=0,"",AVERAGE(Recursos!H35,Recursos!H40,Recursos!H45)) -> 93.814597 | G15: =IF(COUNT(Recursos!H35,Recursos!H40,Recursos!H45)<2,"",_xludf.STDEV.S(Recursos!H35,Recursos!H40,Recursos!H45)) -> #NAME? | H15: =IF(COUNT(Recursos!I35,Recursos!I40,Recursos!I45)=0,"",AVERAGE(Recursos!I35,Recursos!I40,Recursos!I45)) -> 95.105843 | I15: =IF(COUNT(Recursos!I35,Recursos!I40,Recursos!I45)<2,"",_xludf.STDEV.S(Recursos!I35,Recursos!I40,Recursos!I45)) -> #NAME?
A16: Alta | B16: flash-sale-worker | C16: =IF(COUNT(Recursos!F36,Recursos!F41,Recursos!F46)=0,"",AVERAGE(Recursos!F36,Recursos!F41,Recursos!F46)) -> 25.737857 | D16: =IF(COUNT(Recursos!F36,Recursos!F41,Recursos!F46)<2,"",_xludf.STDEV.S(Recursos!F36,Recursos!F41,Recursos!F46)) -> #NAME? | E16: =IF(COUNT(Recursos!G36,Recursos!G41,Recursos!G46)=0,"",AVERAGE(Recursos!G36,Recursos!G41,Recursos!G46)) -> 50.233333 | F16: =IF(COUNT(Recursos!H36,Recursos!H41,Recursos!H46)=0,"",AVERAGE(Recursos!H36,Recursos!H41,Recursos!H46)) -> 67.218965 | G16: =IF(COUNT(Recursos!H36,Recursos!H41,Recursos!H46)<2,"",_xludf.STDEV.S(Recursos!H36,Recursos!H41,Recursos!H46)) -> #NAME? | H16: =IF(COUNT(Recursos!I36,Recursos!I41,Recursos!I46)=0,"",AVERAGE(Recursos!I36,Recursos!I41,Recursos!I46)) -> 67.294113 | I16: =IF(COUNT(Recursos!I36,Recursos!I41,Recursos!I46)<2,"",_xludf.STDEV.S(Recursos!I36,Recursos!I41,Recursos!I46)) -> #NAME?
A17: Alta | B17: flash-sale-postgres | C17: =IF(COUNT(Recursos!F37,Recursos!F42,Recursos!F47)=0,"",AVERAGE(Recursos!F37,Recursos!F42,Recursos!F47)) -> 18.119286 | D17: =IF(COUNT(Recursos!F37,Recursos!F42,Recursos!F47)<2,"",_xludf.STDEV.S(Recursos!F37,Recursos!F42,Recursos!F47)) -> #NAME? | E17: =IF(COUNT(Recursos!G37,Recursos!G42,Recursos!G47)=0,"",AVERAGE(Recursos!G37,Recursos!G42,Recursos!G47)) -> 37.023333 | F17: =IF(COUNT(Recursos!H37,Recursos!H42,Recursos!H47)=0,"",AVERAGE(Recursos!H37,Recursos!H42,Recursos!H47)) -> 62.079444 | G17: =IF(COUNT(Recursos!H37,Recursos!H42,Recursos!H47)<2,"",_xludf.STDEV.S(Recursos!H37,Recursos!H42,Recursos!H47)) -> #NAME? | H17: =IF(COUNT(Recursos!I37,Recursos!I42,Recursos!I47)=0,"",AVERAGE(Recursos!I37,Recursos!I42,Recursos!I47)) -> 67.077407 | I17: =IF(COUNT(Recursos!I37,Recursos!I42,Recursos!I47)<2,"",_xludf.STDEV.S(Recursos!I37,Recursos!I42,Recursos!I47)) -> #NAME?
A18: Alta | B18: flash-sale-rabbitmq | C18: =IF(COUNT(Recursos!F38,Recursos!F43,Recursos!F48)=0,"",AVERAGE(Recursos!F38,Recursos!F43,Recursos!F48)) -> 65.860476 | D18: =IF(COUNT(Recursos!F38,Recursos!F43,Recursos!F48)<2,"",_xludf.STDEV.S(Recursos!F38,Recursos!F43,Recursos!F48)) -> #NAME? | E18: =IF(COUNT(Recursos!G38,Recursos!G43,Recursos!G48)=0,"",AVERAGE(Recursos!G38,Recursos!G43,Recursos!G48)) -> 213.21333 | F18: =IF(COUNT(Recursos!H38,Recursos!H43,Recursos!H48)=0,"",AVERAGE(Recursos!H38,Recursos!H43,Recursos!H48)) -> 172.65553 | G18: =IF(COUNT(Recursos!H38,Recursos!H43,Recursos!H48)<2,"",_xludf.STDEV.S(Recursos!H38,Recursos!H43,Recursos!H48)) -> #NAME? | H18: =IF(COUNT(Recursos!I38,Recursos!I43,Recursos!I48)=0,"",AVERAGE(Recursos!I38,Recursos!I43,Recursos!I48)) -> 240.89286 | I18: =IF(COUNT(Recursos!I38,Recursos!I43,Recursos!I48)<2,"",_xludf.STDEV.S(Recursos!I38,Recursos!I43,Recursos!I48)) -> #NAME?
A19: Alta | B19: flash-sale-prometheus | C19: =IF(COUNT(Recursos!F39,Recursos!F44,Recursos!F49)=0,"",AVERAGE(Recursos!F39,Recursos!F44,Recursos!F49)) -> 0.041428571 | D19: =IF(COUNT(Recursos!F39,Recursos!F44,Recursos!F49)<2,"",_xludf.STDEV.S(Recursos!F39,Recursos!F44,Recursos!F49)) -> #NAME? | E19: =IF(COUNT(Recursos!G39,Recursos!G44,Recursos!G49)=0,"",AVERAGE(Recursos!G39,Recursos!G44,Recursos!G49)) -> 0.16 | F19: =IF(COUNT(Recursos!H39,Recursos!H44,Recursos!H49)=0,"",AVERAGE(Recursos!H39,Recursos!H44,Recursos!H49)) -> 19.341733 | G19: =IF(COUNT(Recursos!H39,Recursos!H44,Recursos!H49)<2,"",_xludf.STDEV.S(Recursos!H39,Recursos!H44,Recursos!H49)) -> #NAME? | H19: =IF(COUNT(Recursos!I39,Recursos!I44,Recursos!I49)=0,"",AVERAGE(Recursos!I39,Recursos!I44,Recursos!I49)) -> 19.363703 | I19: =IF(COUNT(Recursos!I39,Recursos!I44,Recursos!I49)<2,"",_xludf.STDEV.S(Recursos!I39,Recursos!I44,Recursos!I49)) -> #NAME?

Sheet Validação
A1: Validação automática das execuções
A3: Experimento | B3: Válida? | C3: Req. k6 | D3: Pedidos | E3: Completed | F3: Failed | G3: Ready máx. | H3: Unacked máx. | I3: Drenagem (s) | J3: Drenagem completa? | K3: Amostras Docker | L3: Amostras RabbitMQ | M3: Prometheus (bytes) | N3: Logs
A4: c0b-run-1 | B4: Sim | C4: 370 | D4: 370 | E4: 370 | F4: 0 | G4: 0 | H4: 1 | I4: 3 | J4: Sim | K4: 95 | L4: 19 | M4: 23532 | N4: Sem erros nos logs
A5: c0b-run-2 | B5: Sim | C5: 370 | D5: 370 | E5: 370 | F5: 0 | G5: 0 | H5: 1 | I5: 35 | J5: Sim | K5: 115 | L5: 23 | M5: 36902 | N5: Sem erros nos logs
A6: c0b-run-3 | B6: Sim | C6: 370 | D6: 370 | E6: 370 | F6: 0 | G6: 0 | H6: 1 | I6: 50 | J6: Sim | K6: 130 | L6: 26 | M6: 40099 | N6: Sem erros nos logs
A7: c0m-run-1 | B7: Sim | C7: 1459 | D7: 1459 | E7: 1459 | F7: 0 | G7: 0 | H7: 1 | I7: 3 | J7: Sim | K7: 95 | L7: 19 | M7: 30260 | N7: Sem erros nos logs
A8: c0m-run-2 | B8: Sim | C8: 1459 | D8: 1459 | E8: 1459 | F8: 0 | G8: 0 | H8: 1 | I8: 3 | J8: Sim | K8: 95 | L8: 19 | M8: 30348 | N8: Sem erros nos logs
A9: c0m-run-3 | B9: Sim | C9: 1459 | D9: 1459 | E9: 1459 | F9: 0 | G9: 0 | H9: 1 | I9: 3 | J9: Sim | K9: 95 | L9: 19 | M9: 30379 | N9: Sem erros nos logs
A10: c0a-run-1 | B10: Sim | C10: 2909 | D10: 2909 | E10: 2909 | F10: 0 | G10: 0 | H10: 1 | I10: 3 | J10: Sim | K10: 95 | L10: 19 | M10: 30314 | N10: Sem erros nos logs
A11: c0a-run-2 | B11: Sim | C11: 2909 | D11: 2909 | E11: 2909 | F11: 0 | G11: 0 | H11: 1 | I11: 3 | J11: Sim | K11: 95 | L11: 19 | M11: 30343 | N11: Sem erros nos logs
A12: c0a-run-3 | B12: Sim | C12: 2909 | D12: 2909 | E12: 2909 | F12: 0 | G12: 0 | H12: 1 | I12: 3 | J12: Sim | K12: 95 | L12: 19 | M12: 30414 | N12: Sem erros nos logs
